/****** Script de iniciación de datos para HCProjectDB  ******/
/****** Elaborado por: Nelson Alejandro Saz Rivera  ******/

USE HCProjectDB;
START TRANSACTION;

-- Paises
INSERT INTO Paises(Id,Nombre,CodigoIso,CodigoTelefono) VALUES (1,'El Salvador','SV','503');
INSERT INTO Paises(Id,Nombre,CodigoIso,CodigoTelefono) VALUES (2,'Guatemala','GT','502');
INSERT INTO Paises(Id,Nombre,CodigoIso,CodigoTelefono) VALUES (3,'Honduras','HN','504');
INSERT INTO Paises(Id,Nombre,CodigoIso,CodigoTelefono) VALUES (4,'Nicaragua','NI','505');
INSERT INTO Paises(Id,Nombre,CodigoIso,CodigoTelefono) VALUES (5,'Costa Rica','CR','506');

-- Departamentos
INSERT INTO Departamentos(Id,Nombre,PaisId) VALUES (1,'Ahuachapán',1);
INSERT INTO Departamentos(Id,Nombre,PaisId) VALUES (2,'Santa Ana',1);
INSERT INTO Departamentos(Id,Nombre,PaisId) VALUES (3,'Sonsonate',1);
INSERT INTO Departamentos(Id,Nombre,PaisId) VALUES (4,'La Libertad',1);
INSERT INTO Departamentos(Id,Nombre,PaisId) VALUES (5,'Chalatenango',1);
INSERT INTO Departamentos(Id,Nombre,PaisId) VALUES (6,'San Salvador',1);
INSERT INTO Departamentos(Id,Nombre,PaisId) VALUES (7,'Cuscatlán',1);
INSERT INTO Departamentos(Id,Nombre,PaisId) VALUES (8,'La Paz',1);
INSERT INTO Departamentos(Id,Nombre,PaisId) VALUES (9,'Cabañas',1);
INSERT INTO Departamentos(Id,Nombre,PaisId) VALUES (10,'San Vicente',1);
INSERT INTO Departamentos(Id,Nombre,PaisId) VALUES (11,'Usulután',1);
INSERT INTO Departamentos(Id,Nombre,PaisId) VALUES (12,'Morazán',1);
INSERT INTO Departamentos(Id,Nombre,PaisId) VALUES (13,'San Miguel',1);
INSERT INTO Departamentos(Id,Nombre,PaisId) VALUES (14,'La Unión',1);

-- Municipios
INSERT INTO Municipios(Id,Nombre,DepartamentoId) VALUES (1,'Ahuachapán',1);
INSERT INTO Municipios(Id,Nombre,DepartamentoId) VALUES (2,'San Ildefonso',10);
INSERT INTO Municipios(Id,Nombre,DepartamentoId) VALUES (3,'San Lorenzo',10);
INSERT INTO Municipios(Id,Nombre,DepartamentoId) VALUES (4,'San Sebastián',10);
INSERT INTO Municipios(Id,Nombre,DepartamentoId) VALUES (5,'San Vicente',10);
INSERT INTO Municipios(Id,Nombre,DepartamentoId) VALUES (6,'Santa Clara',10);
INSERT INTO Municipios(Id,Nombre,DepartamentoId) VALUES (7,'Santo Domingo',10);
INSERT INTO Municipios(Id,Nombre,DepartamentoId) VALUES (8,'Tecoluca',10);
INSERT INTO Municipios(Id,Nombre,DepartamentoId) VALUES (9,'Tepetitán',10);
INSERT INTO Municipios(Id,Nombre,DepartamentoId) VALUES (10,'Verapaz',10);
INSERT INTO Municipios(Id,Nombre,DepartamentoId) VALUES (11,'Alegría',11);
INSERT INTO Municipios(Id,Nombre,DepartamentoId) VALUES (12,'Berlín',11);
INSERT INTO Municipios(Id,Nombre,DepartamentoId) VALUES (13,'California',11);
INSERT INTO Municipios(Id,Nombre,DepartamentoId) VALUES (14,'Concepción Batres',11);
INSERT INTO Municipios(Id,Nombre,DepartamentoId) VALUES (15,'San Esteban Catarina',10);
INSERT INTO Municipios(Id,Nombre,DepartamentoId) VALUES (16,'El Triunfo',11);
INSERT INTO Municipios(Id,Nombre,DepartamentoId) VALUES (17,'Estanzuelas',11);
INSERT INTO Municipios(Id,Nombre,DepartamentoId) VALUES (18,'Jiquilisco',11);
INSERT INTO Municipios(Id,Nombre,DepartamentoId) VALUES (19,'Jucuapa',11);
INSERT INTO Municipios(Id,Nombre,DepartamentoId) VALUES (20,'Jucuarán',11);
INSERT INTO Municipios(Id,Nombre,DepartamentoId) VALUES (21,'Mercedes Umaña',11);
INSERT INTO Municipios(Id,Nombre,DepartamentoId) VALUES (22,'Nueva Granada',11);
INSERT INTO Municipios(Id,Nombre,DepartamentoId) VALUES (23,'Ozatlán',11);
INSERT INTO Municipios(Id,Nombre,DepartamentoId) VALUES (24,'Puerto El Triunfo',11);
INSERT INTO Municipios(Id,Nombre,DepartamentoId) VALUES (25,'San Agustín',11);
INSERT INTO Municipios(Id,Nombre,DepartamentoId) VALUES (26,'San Buenaventura',11);
INSERT INTO Municipios(Id,Nombre,DepartamentoId) VALUES (27,'San Dionisio',11);
INSERT INTO Municipios(Id,Nombre,DepartamentoId) VALUES (28,'San Francisco Javier',11);
INSERT INTO Municipios(Id,Nombre,DepartamentoId) VALUES (29,'Santa Elena',11);
INSERT INTO Municipios(Id,Nombre,DepartamentoId) VALUES (30,'Ereguayquín',11);
INSERT INTO Municipios(Id,Nombre,DepartamentoId) VALUES (31,'San Cayetano Istepeque',10);
INSERT INTO Municipios(Id,Nombre,DepartamentoId) VALUES (32,'Guadalupe',10);
INSERT INTO Municipios(Id,Nombre,DepartamentoId) VALUES (33,'Apastepeque',10);
INSERT INTO Municipios(Id,Nombre,DepartamentoId) VALUES (34,'El Rosario (La Paz)',8);
INSERT INTO Municipios(Id,Nombre,DepartamentoId) VALUES (35,'Jerusalén',8);
INSERT INTO Municipios(Id,Nombre,DepartamentoId) VALUES (36,'Mercedes La Ceiba',8);
INSERT INTO Municipios(Id,Nombre,DepartamentoId) VALUES (37,'Olocuilta',8);
INSERT INTO Municipios(Id,Nombre,DepartamentoId) VALUES (38,'Paraíso de Osorio',8);
INSERT INTO Municipios(Id,Nombre,DepartamentoId) VALUES (39,'San Antonio Masahuat',8);
INSERT INTO Municipios(Id,Nombre,DepartamentoId) VALUES (40,'San Emigdio',8);
INSERT INTO Municipios(Id,Nombre,DepartamentoId) VALUES (41,'San Francisco Chinameca',8);
INSERT INTO Municipios(Id,Nombre,DepartamentoId) VALUES (42,'San Pedro Masahuat',8);
INSERT INTO Municipios(Id,Nombre,DepartamentoId) VALUES (43,'San Juan Nonualco',8);
INSERT INTO Municipios(Id,Nombre,DepartamentoId) VALUES (44,'San Juan Talpa',8);
INSERT INTO Municipios(Id,Nombre,DepartamentoId) VALUES (45,'San Juan Tepezontes',8);
INSERT INTO Municipios(Id,Nombre,DepartamentoId) VALUES (46,'San Luis La Herradura',8);
INSERT INTO Municipios(Id,Nombre,DepartamentoId) VALUES (47,'San Luis Talpa',8);
INSERT INTO Municipios(Id,Nombre,DepartamentoId) VALUES (48,'San Miguel Tepezontes',8);
INSERT INTO Municipios(Id,Nombre,DepartamentoId) VALUES (49,'San Pedro Nonualco',8);
INSERT INTO Municipios(Id,Nombre,DepartamentoId) VALUES (50,'San Rafael Obrajuelo',8);
INSERT INTO Municipios(Id,Nombre,DepartamentoId) VALUES (51,'Santa María Ostuma',8);
INSERT INTO Municipios(Id,Nombre,DepartamentoId) VALUES (52,'Santiago Nonualco',8);
INSERT INTO Municipios(Id,Nombre,DepartamentoId) VALUES (53,'Tapalhuaca',8);
INSERT INTO Municipios(Id,Nombre,DepartamentoId) VALUES (54,'Cinquera',9);
INSERT INTO Municipios(Id,Nombre,DepartamentoId) VALUES (55,'Dolores',9);
INSERT INTO Municipios(Id,Nombre,DepartamentoId) VALUES (56,'Guacotecti',9);
INSERT INTO Municipios(Id,Nombre,DepartamentoId) VALUES (57,'Ilobasco',9);
INSERT INTO Municipios(Id,Nombre,DepartamentoId) VALUES (58,'Jutiapa',9);
INSERT INTO Municipios(Id,Nombre,DepartamentoId) VALUES (59,'San Isidro (Cabañas)',9);
INSERT INTO Municipios(Id,Nombre,DepartamentoId) VALUES (60,'Sensuntepeque',9);
INSERT INTO Municipios(Id,Nombre,DepartamentoId) VALUES (61,'Tejutepeque',9);
INSERT INTO Municipios(Id,Nombre,DepartamentoId) VALUES (62,'Victoria',9);
INSERT INTO Municipios(Id,Nombre,DepartamentoId) VALUES (63,'Santa María',11);
INSERT INTO Municipios(Id,Nombre,DepartamentoId) VALUES (64,'Santiago de María',11);
INSERT INTO Municipios(Id,Nombre,DepartamentoId) VALUES (65,'Tecapán',11);
INSERT INTO Municipios(Id,Nombre,DepartamentoId) VALUES (66,'Usulután',11);
INSERT INTO Municipios(Id,Nombre,DepartamentoId) VALUES (67,'Lolotique',13);
INSERT INTO Municipios(Id,Nombre,DepartamentoId) VALUES (68,'Moncagua',13);
INSERT INTO Municipios(Id,Nombre,DepartamentoId) VALUES (69,'Nueva Guadalupe',13);
INSERT INTO Municipios(Id,Nombre,DepartamentoId) VALUES (70,'Nuevo Edén de San Juan',13);
INSERT INTO Municipios(Id,Nombre,DepartamentoId) VALUES (71,'Quelepa',13);
INSERT INTO Municipios(Id,Nombre,DepartamentoId) VALUES (72,'San Antonio del Mosco',13);
INSERT INTO Municipios(Id,Nombre,DepartamentoId) VALUES (73,'San Gerardo',13);
INSERT INTO Municipios(Id,Nombre,DepartamentoId) VALUES (74,'San Jorge',13);
INSERT INTO Municipios(Id,Nombre,DepartamentoId) VALUES (75,'San Luis de la Reina',13);
INSERT INTO Municipios(Id,Nombre,DepartamentoId) VALUES (76,'San Miguel',13);
INSERT INTO Municipios(Id,Nombre,DepartamentoId) VALUES (77,'San Rafael Oriente',13);
INSERT INTO Municipios(Id,Nombre,DepartamentoId) VALUES (78,'Sesori',13);
INSERT INTO Municipios(Id,Nombre,DepartamentoId) VALUES (79,'Uluazapa',13);
INSERT INTO Municipios(Id,Nombre,DepartamentoId) VALUES (80,'La Unión',14);
INSERT INTO Municipios(Id,Nombre,DepartamentoId) VALUES (81,'San Alejo',14);
INSERT INTO Municipios(Id,Nombre,DepartamentoId) VALUES (82,'Yucuaiquín',14);
INSERT INTO Municipios(Id,Nombre,DepartamentoId) VALUES (83,'Conchagua',14);
INSERT INTO Municipios(Id,Nombre,DepartamentoId) VALUES (84,'Intipucá',14);
INSERT INTO Municipios(Id,Nombre,DepartamentoId) VALUES (85,'San José',14);
INSERT INTO Municipios(Id,Nombre,DepartamentoId) VALUES (86,'El Carmen (La Unión)',14);
INSERT INTO Municipios(Id,Nombre,DepartamentoId) VALUES (87,'Yayantique',14);
INSERT INTO Municipios(Id,Nombre,DepartamentoId) VALUES (88,'Bolívar',14);
INSERT INTO Municipios(Id,Nombre,DepartamentoId) VALUES (89,'Meanguera del Golfo',14);
INSERT INTO Municipios(Id,Nombre,DepartamentoId) VALUES (90,'Santa Rosa de Lima',14);
INSERT INTO Municipios(Id,Nombre,DepartamentoId) VALUES (91,'Pasaquina',14);
INSERT INTO Municipios(Id,Nombre,DepartamentoId) VALUES (92,'Anamoros',14);
INSERT INTO Municipios(Id,Nombre,DepartamentoId) VALUES (93,'Nueva Esparta',14);
INSERT INTO Municipios(Id,Nombre,DepartamentoId) VALUES (94,'El Sauce',14);
INSERT INTO Municipios(Id,Nombre,DepartamentoId) VALUES (95,'Concepción de Oriente',14);
INSERT INTO Municipios(Id,Nombre,DepartamentoId) VALUES (96,'El Tránsito',13);
INSERT INTO Municipios(Id,Nombre,DepartamentoId) VALUES (97,'Cuyultitán',8);
INSERT INTO Municipios(Id,Nombre,DepartamentoId) VALUES (98,'Comacarán',13);
INSERT INTO Municipios(Id,Nombre,DepartamentoId) VALUES (99,'Chirilagua',13);
INSERT INTO Municipios(Id,Nombre,DepartamentoId) VALUES (100,'Arambala',12);
INSERT INTO Municipios(Id,Nombre,DepartamentoId) VALUES (101,'Cacaopera',12);
INSERT INTO Municipios(Id,Nombre,DepartamentoId) VALUES (102,'Chilanga',12);
INSERT INTO Municipios(Id,Nombre,DepartamentoId) VALUES (103,'Corinto',12);
INSERT INTO Municipios(Id,Nombre,DepartamentoId) VALUES (104,'Delicias de Concepción',12);
INSERT INTO Municipios(Id,Nombre,DepartamentoId) VALUES (105,'El Divisadero',12);
INSERT INTO Municipios(Id,Nombre,DepartamentoId) VALUES (106,'El Rosario (Morazán)',12);
INSERT INTO Municipios(Id,Nombre,DepartamentoId) VALUES (107,'Gualococti',12);
INSERT INTO Municipios(Id,Nombre,DepartamentoId) VALUES (108,'Guatajiagua',12);
INSERT INTO Municipios(Id,Nombre,DepartamentoId) VALUES (109,'Joateca',12);
INSERT INTO Municipios(Id,Nombre,DepartamentoId) VALUES (110,'Jocoaitique',12);
INSERT INTO Municipios(Id,Nombre,DepartamentoId) VALUES (111,'Jocoro',12);
INSERT INTO Municipios(Id,Nombre,DepartamentoId) VALUES (112,'Lolotiquillo',12);
INSERT INTO Municipios(Id,Nombre,DepartamentoId) VALUES (113,'Meanguera',12);
INSERT INTO Municipios(Id,Nombre,DepartamentoId) VALUES (114,'Osicala',12);
INSERT INTO Municipios(Id,Nombre,DepartamentoId) VALUES (115,'Perquín',12);
INSERT INTO Municipios(Id,Nombre,DepartamentoId) VALUES (116,'San Carlos',12);
INSERT INTO Municipios(Id,Nombre,DepartamentoId) VALUES (117,'San Fernando (Morazán)',12);
INSERT INTO Municipios(Id,Nombre,DepartamentoId) VALUES (118,'San Francisco Gotera',12);
INSERT INTO Municipios(Id,Nombre,DepartamentoId) VALUES (119,'San Isidro (Morazán)',12);
INSERT INTO Municipios(Id,Nombre,DepartamentoId) VALUES (120,'San Simón',12);
INSERT INTO Municipios(Id,Nombre,DepartamentoId) VALUES (121,'Sensembra',12);
INSERT INTO Municipios(Id,Nombre,DepartamentoId) VALUES (122,'Sociedad',12);
INSERT INTO Municipios(Id,Nombre,DepartamentoId) VALUES (123,'Torola',12);
INSERT INTO Municipios(Id,Nombre,DepartamentoId) VALUES (124,'Yamabal',12);
INSERT INTO Municipios(Id,Nombre,DepartamentoId) VALUES (125,'Yoloaiquín',12);
INSERT INTO Municipios(Id,Nombre,DepartamentoId) VALUES (126,'Carolina',13);
INSERT INTO Municipios(Id,Nombre,DepartamentoId) VALUES (127,'Chapeltique',13);
INSERT INTO Municipios(Id,Nombre,DepartamentoId) VALUES (128,'Chinameca',13);
INSERT INTO Municipios(Id,Nombre,DepartamentoId) VALUES (129,'Ciudad Barrios',13);
INSERT INTO Municipios(Id,Nombre,DepartamentoId) VALUES (130,'Polorós',14);
INSERT INTO Municipios(Id,Nombre,DepartamentoId) VALUES (131,'Zacatecoluca',8);
INSERT INTO Municipios(Id,Nombre,DepartamentoId) VALUES (132,'Suchitoto',7);
INSERT INTO Municipios(Id,Nombre,DepartamentoId) VALUES (133,'San Antonio del Monte',3);
INSERT INTO Municipios(Id,Nombre,DepartamentoId) VALUES (134,'San Julián',3);
INSERT INTO Municipios(Id,Nombre,DepartamentoId) VALUES (135,'Santa Catarina Masahuat',3);
INSERT INTO Municipios(Id,Nombre,DepartamentoId) VALUES (136,'Santa Isabel Ishuatán',3);
INSERT INTO Municipios(Id,Nombre,DepartamentoId) VALUES (137,'Santo Domingo de Guzmán',3);
INSERT INTO Municipios(Id,Nombre,DepartamentoId) VALUES (138,'Sonsonate',3);
INSERT INTO Municipios(Id,Nombre,DepartamentoId) VALUES (139,'Sonzacate',3);
INSERT INTO Municipios(Id,Nombre,DepartamentoId) VALUES (140,'Antiguo Cuscatlán',4);
INSERT INTO Municipios(Id,Nombre,DepartamentoId) VALUES (141,'Ciudad Arce',4);
INSERT INTO Municipios(Id,Nombre,DepartamentoId) VALUES (142,'Colón',4);
INSERT INTO Municipios(Id,Nombre,DepartamentoId) VALUES (143,'Comasagua',4);
INSERT INTO Municipios(Id,Nombre,DepartamentoId) VALUES (144,'Huizúcar',4);
INSERT INTO Municipios(Id,Nombre,DepartamentoId) VALUES (145,'Jayaque',4);
INSERT INTO Municipios(Id,Nombre,DepartamentoId) VALUES (146,'Salcoatitán',3);
INSERT INTO Municipios(Id,Nombre,DepartamentoId) VALUES (147,'Jicalapa',4);
INSERT INTO Municipios(Id,Nombre,DepartamentoId) VALUES (148,'Santa Tecla',4);
INSERT INTO Municipios(Id,Nombre,DepartamentoId) VALUES (149,'Nuevo Cuscatlán',4);
INSERT INTO Municipios(Id,Nombre,DepartamentoId) VALUES (150,'San Juan Opico',4);
INSERT INTO Municipios(Id,Nombre,DepartamentoId) VALUES (151,'Quezaltepeque',4);
INSERT INTO Municipios(Id,Nombre,DepartamentoId) VALUES (152,'Sacacoyo',4);
INSERT INTO Municipios(Id,Nombre,DepartamentoId) VALUES (153,'San José Villanueva',4);
INSERT INTO Municipios(Id,Nombre,DepartamentoId) VALUES (154,'San Matías',4);
INSERT INTO Municipios(Id,Nombre,DepartamentoId) VALUES (155,'San Pablo Tacachico',4);
INSERT INTO Municipios(Id,Nombre,DepartamentoId) VALUES (156,'Talnique',4);
INSERT INTO Municipios(Id,Nombre,DepartamentoId) VALUES (157,'Tamanique',4);
INSERT INTO Municipios(Id,Nombre,DepartamentoId) VALUES (158,'Teotepeque',4);
INSERT INTO Municipios(Id,Nombre,DepartamentoId) VALUES (159,'Tepecoyo',4);
INSERT INTO Municipios(Id,Nombre,DepartamentoId) VALUES (160,'Zaragoza',4);
INSERT INTO Municipios(Id,Nombre,DepartamentoId) VALUES (161,'La Libertad',4);
INSERT INTO Municipios(Id,Nombre,DepartamentoId) VALUES (162,'Nahulingo',3);
INSERT INTO Municipios(Id,Nombre,DepartamentoId) VALUES (163,'Nahuizalco',3);
INSERT INTO Municipios(Id,Nombre,DepartamentoId) VALUES (164,'Juayúa',3);
INSERT INTO Municipios(Id,Nombre,DepartamentoId) VALUES (165,'Jujutla',1);
INSERT INTO Municipios(Id,Nombre,DepartamentoId) VALUES (166,'Atiquizaya',1);
INSERT INTO Municipios(Id,Nombre,DepartamentoId) VALUES (167,'Concepción de Ataco',1);
INSERT INTO Municipios(Id,Nombre,DepartamentoId) VALUES (168,'El Refugio',1);
INSERT INTO Municipios(Id,Nombre,DepartamentoId) VALUES (169,'Guaymango',1);
INSERT INTO Municipios(Id,Nombre,DepartamentoId) VALUES (170,'Apaneca',1);
INSERT INTO Municipios(Id,Nombre,DepartamentoId) VALUES (171,'San Francisco Menéndez',1);
INSERT INTO Municipios(Id,Nombre,DepartamentoId) VALUES (172,'San Lorenzo',1);
INSERT INTO Municipios(Id,Nombre,DepartamentoId) VALUES (173,'San Pedro Puxtla',1);
INSERT INTO Municipios(Id,Nombre,DepartamentoId) VALUES (174,'Tacuba',1);
INSERT INTO Municipios(Id,Nombre,DepartamentoId) VALUES (175,'Turín',1);
INSERT INTO Municipios(Id,Nombre,DepartamentoId) VALUES (176,'Candelaria de la Frontera',2);
INSERT INTO Municipios(Id,Nombre,DepartamentoId) VALUES (177,'Chalchuapa',2);
INSERT INTO Municipios(Id,Nombre,DepartamentoId) VALUES (178,'Coatepeque',2);
INSERT INTO Municipios(Id,Nombre,DepartamentoId) VALUES (179,'El Congo',2);
INSERT INTO Municipios(Id,Nombre,DepartamentoId) VALUES (180,'El Porvenir',2);
INSERT INTO Municipios(Id,Nombre,DepartamentoId) VALUES (181,'Masahuat',2);
INSERT INTO Municipios(Id,Nombre,DepartamentoId) VALUES (182,'Metapán',2);
INSERT INTO Municipios(Id,Nombre,DepartamentoId) VALUES (183,'San Antonio Pajonal',2);
INSERT INTO Municipios(Id,Nombre,DepartamentoId) VALUES (184,'San Sebastián Salitrillo',2);
INSERT INTO Municipios(Id,Nombre,DepartamentoId) VALUES (185,'Santa Ana',2);
INSERT INTO Municipios(Id,Nombre,DepartamentoId) VALUES (186,'Santa Rosa Guachipilín',2);
INSERT INTO Municipios(Id,Nombre,DepartamentoId) VALUES (187,'Santiago de la Frontera',2);
INSERT INTO Municipios(Id,Nombre,DepartamentoId) VALUES (188,'Texistepeque',2);
INSERT INTO Municipios(Id,Nombre,DepartamentoId) VALUES (189,'Acajutla',3);
INSERT INTO Municipios(Id,Nombre,DepartamentoId) VALUES (190,'Armenia',3);
INSERT INTO Municipios(Id,Nombre,DepartamentoId) VALUES (191,'Caluco',3);
INSERT INTO Municipios(Id,Nombre,DepartamentoId) VALUES (192,'Cuisnahuat',3);
INSERT INTO Municipios(Id,Nombre,DepartamentoId) VALUES (193,'Izalco',3);
INSERT INTO Municipios(Id,Nombre,DepartamentoId) VALUES (194,'Agua Caliente',5);
INSERT INTO Municipios(Id,Nombre,DepartamentoId) VALUES (195,'Arcatao',5);
INSERT INTO Municipios(Id,Nombre,DepartamentoId) VALUES (196,'Azacualpa',5);
INSERT INTO Municipios(Id,Nombre,DepartamentoId) VALUES (197,'Cancasque',5);
INSERT INTO Municipios(Id,Nombre,DepartamentoId) VALUES (198,'Ciudad Delgado',6);
INSERT INTO Municipios(Id,Nombre,DepartamentoId) VALUES (199,'El Paisnal',6);
INSERT INTO Municipios(Id,Nombre,DepartamentoId) VALUES (200,'Guazapa',6);
INSERT INTO Municipios(Id,Nombre,DepartamentoId) VALUES (201,'Ilopango',6);
INSERT INTO Municipios(Id,Nombre,DepartamentoId) VALUES (202,'Mejicanos',6);
INSERT INTO Municipios(Id,Nombre,DepartamentoId) VALUES (203,'Nejapa',6);
INSERT INTO Municipios(Id,Nombre,DepartamentoId) VALUES (204,'Panchimalco',6);
INSERT INTO Municipios(Id,Nombre,DepartamentoId) VALUES (205,'Rosario de Mora',6);
INSERT INTO Municipios(Id,Nombre,DepartamentoId) VALUES (206,'San Marcos',6);
INSERT INTO Municipios(Id,Nombre,DepartamentoId) VALUES (207,'San Martín',6);
INSERT INTO Municipios(Id,Nombre,DepartamentoId) VALUES (208,'San Salvador',6);
INSERT INTO Municipios(Id,Nombre,DepartamentoId) VALUES (209,'Santiago Texacuangos',6);
INSERT INTO Municipios(Id,Nombre,DepartamentoId) VALUES (210,'Santo Tomás',6);
INSERT INTO Municipios(Id,Nombre,DepartamentoId) VALUES (211,'Soyapango',6);
INSERT INTO Municipios(Id,Nombre,DepartamentoId) VALUES (212,'Tonacatepeque',6);
INSERT INTO Municipios(Id,Nombre,DepartamentoId) VALUES (213,'Cojutepeque',7);
INSERT INTO Municipios(Id,Nombre,DepartamentoId) VALUES (214,'Candelaria',7);
INSERT INTO Municipios(Id,Nombre,DepartamentoId) VALUES (215,'El Carmen (Cuscatlán)',7);
INSERT INTO Municipios(Id,Nombre,DepartamentoId) VALUES (216,'El Rosario (Cuscatlán)',7);
INSERT INTO Municipios(Id,Nombre,DepartamentoId) VALUES (217,'Monte San Juan',7);
INSERT INTO Municipios(Id,Nombre,DepartamentoId) VALUES (218,'Oratorio de Concepción',7);
INSERT INTO Municipios(Id,Nombre,DepartamentoId) VALUES (219,'San Bartolomé Perulapía',7);
INSERT INTO Municipios(Id,Nombre,DepartamentoId) VALUES (220,'San Cristóbal',7);
INSERT INTO Municipios(Id,Nombre,DepartamentoId) VALUES (221,'San José Guayabal',7);
INSERT INTO Municipios(Id,Nombre,DepartamentoId) VALUES (222,'San Pedro Perulapán',7);
INSERT INTO Municipios(Id,Nombre,DepartamentoId) VALUES (223,'San Rafael Cedros',7);
INSERT INTO Municipios(Id,Nombre,DepartamentoId) VALUES (224,'San Ramón',7);
INSERT INTO Municipios(Id,Nombre,DepartamentoId) VALUES (225,'Santa Cruz Analquito',7);
INSERT INTO Municipios(Id,Nombre,DepartamentoId) VALUES (226,'Santa Cruz Michapa',7);
INSERT INTO Municipios(Id,Nombre,DepartamentoId) VALUES (227,'Cuscatancingo',6);
INSERT INTO Municipios(Id,Nombre,DepartamentoId) VALUES (228,'Tenancingo',7);
INSERT INTO Municipios(Id,Nombre,DepartamentoId) VALUES (229,'Ayutuxtepeque',6);
INSERT INTO Municipios(Id,Nombre,DepartamentoId) VALUES (230,'Aguilares',6);
INSERT INTO Municipios(Id,Nombre,DepartamentoId) VALUES (231,'Chalatenango',5);
INSERT INTO Municipios(Id,Nombre,DepartamentoId) VALUES (232,'Citalá',5);
INSERT INTO Municipios(Id,Nombre,DepartamentoId) VALUES (233,'Comapala',5);
INSERT INTO Municipios(Id,Nombre,DepartamentoId) VALUES (234,'Concepción Quezaltepeque',5);
INSERT INTO Municipios(Id,Nombre,DepartamentoId) VALUES (235,'Dulce Nombre de María',5);
INSERT INTO Municipios(Id,Nombre,DepartamentoId) VALUES (236,'El Carrizal',5);
INSERT INTO Municipios(Id,Nombre,DepartamentoId) VALUES (237,'El Paraíso',5);
INSERT INTO Municipios(Id,Nombre,DepartamentoId) VALUES (238,'La Laguna',5);
INSERT INTO Municipios(Id,Nombre,DepartamentoId) VALUES (239,'La Palma',5);
INSERT INTO Municipios(Id,Nombre,DepartamentoId) VALUES (240,'La Reina',5);
INSERT INTO Municipios(Id,Nombre,DepartamentoId) VALUES (241,'Las Vueltas',5);
INSERT INTO Municipios(Id,Nombre,DepartamentoId) VALUES (242,'Nueva Concepción',5);
INSERT INTO Municipios(Id,Nombre,DepartamentoId) VALUES (243,'Nueva Trinidad',5);
INSERT INTO Municipios(Id,Nombre,DepartamentoId) VALUES (244,'Nombre de Jesús',5);
INSERT INTO Municipios(Id,Nombre,DepartamentoId) VALUES (245,'Ojos de Agua',5);
INSERT INTO Municipios(Id,Nombre,DepartamentoId) VALUES (246,'Potonico',5);
INSERT INTO Municipios(Id,Nombre,DepartamentoId) VALUES (247,'San Antonio de la Cruz',5);
INSERT INTO Municipios(Id,Nombre,DepartamentoId) VALUES (248,'San Antonio Los Ranchos',5);
INSERT INTO Municipios(Id,Nombre,DepartamentoId) VALUES (249,'San Fernando (Chalatenango)',5);
INSERT INTO Municipios(Id,Nombre,DepartamentoId) VALUES (250,'San Francisco Lempa',5);
INSERT INTO Municipios(Id,Nombre,DepartamentoId) VALUES (251,'San Francisco Morazán',5);
INSERT INTO Municipios(Id,Nombre,DepartamentoId) VALUES (252,'San Ignacio',5);
INSERT INTO Municipios(Id,Nombre,DepartamentoId) VALUES (253,'San Isidro Labrador',5);
INSERT INTO Municipios(Id,Nombre,DepartamentoId) VALUES (254,'Las Flores',5);
INSERT INTO Municipios(Id,Nombre,DepartamentoId) VALUES (255,'San Luis del Carmen',5);
INSERT INTO Municipios(Id,Nombre,DepartamentoId) VALUES (256,'San Miguel de Mercedes',5);
INSERT INTO Municipios(Id,Nombre,DepartamentoId) VALUES (257,'San Rafael',5);
INSERT INTO Municipios(Id,Nombre,DepartamentoId) VALUES (258,'Santa Rita',5);
INSERT INTO Municipios(Id,Nombre,DepartamentoId) VALUES (259,'Tejutla',5);
INSERT INTO Municipios(Id,Nombre,DepartamentoId) VALUES (260,'Apopa',6);
INSERT INTO Municipios(Id,Nombre,DepartamentoId) VALUES (261,'Lislique',14);
INSERT INTO Municipios(Id,Nombre,DepartamentoId) VALUES (262,'Chiltiupán',4);

-- Generos
INSERT INTO Generos(Id,Codigo,Nombre) VALUES (1,'X','Prefiero no decir');
INSERT INTO Generos(Id,Codigo,Nombre) VALUES (2,'F','Femenino');
INSERT INTO Generos(Id,Codigo,Nombre) VALUES (3,'M','Masculino');

INSERT INTO Idiomas(Id,Nombre) VALUES (1,'Español');
INSERT INTO Idiomas(Id,Nombre) VALUES (2,'Inglés');
INSERT INTO Idiomas(Id,Nombre) VALUES (3,'Portugués');
INSERT INTO Idiomas(Id,Nombre) VALUES (4,'Francés');
INSERT INTO Idiomas(Id,Nombre) VALUES (5,'Italiano');

INSERT INTO AniosExperiencias(Id,Rango) VALUES (1,'0 a 1 año');
INSERT INTO AniosExperiencias(Id,Rango) VALUES (2,'1 a 3 años');
INSERT INTO AniosExperiencias(Id,Rango) VALUES (3,'3 a 5 años');
INSERT INTO AniosExperiencias(Id,Rango) VALUES (4,'5 a 10 años');
INSERT INTO AniosExperiencias(Id,Rango) VALUES (5,'10 años o más');

INSERT INTO HabilidadesTecnicas(Id,Nombre) VALUES (1,'PHP');
INSERT INTO HabilidadesTecnicas(Id,Nombre) VALUES (2,'.NetCore');
INSERT INTO HabilidadesTecnicas(Id,Nombre) VALUES (3,'.NetFramework');
INSERT INTO HabilidadesTecnicas(Id,Nombre) VALUES (4,'HTML5');
INSERT INTO HabilidadesTecnicas(Id,Nombre) VALUES (5,'Word');
INSERT INTO HabilidadesTecnicas(Id,Nombre) VALUES (6,'Excel');
INSERT INTO HabilidadesTecnicas(Id,Nombre) VALUES (7,'PowerPoint');

COMMIT;